City_ID,City,Country,Lat,Lng,Max Temp,Humidity,Cloudiness,Wind Speed,Current Description
0,Faanui,PF,-16.4833,-151.75,81.79,72,6,17.18,clear sky
1,Puerto Ayora,EC,-0.7393,-90.3518,77.0,94,26,3.0,scattered clouds
2,Yellowknife,CA,62.456,-114.3525,-11.0,70,75,5.75,light snow
3,Cabo San Lucas,MX,22.8909,-109.9124,64.0,60,100,5.99,overcast clouds
4,Merauke,ID,-8.4667,140.3333,84.25,74,97,14.25,overcast clouds
5,Bluff,NZ,-46.6,168.3333,77.0,49,100,11.99,overcast clouds
6,Bethel,US,41.3712,-73.414,27.0,93,90,3.44,light snow
7,Bredasdorp,ZA,-34.5322,20.0403,60.8,82,12,3.44,few clouds
8,Mount Isa,AU,-20.7333,139.5,89.6,48,0,5.75,clear sky
9,Avarua,CK,-21.2078,-159.775,86.0,66,20,16.11,few clouds
10,Cape Town,ZA,-33.9258,18.4232,68.0,82,0,16.11,clear sky
11,Rikitea,PF,-23.1203,-134.9692,80.44,72,6,11.12,clear sky
12,Mataura,NZ,-46.1927,168.8643,77.0,49,100,11.99,overcast clouds
13,Port Macquarie,AU,-31.4333,152.9167,87.01,62,4,4.0,clear sky
14,Punta Arenas,CL,-53.15,-70.9167,44.6,57,40,24.16,scattered clouds
15,Vaini,TO,-21.2,-175.2,82.4,83,75,11.5,broken clouds
16,Kasongo-Lunda,CD,-6.4667,16.8167,69.46,94,100,1.23,overcast clouds
17,Gezing,AT,47.9178,13.1299,30.2,86,75,6.91,snow
18,Barrow,US,71.2906,-156.7887,-16.6,69,40,9.22,haze
19,Hobart,AU,-42.8794,147.3294,59.0,41,75,14.97,broken clouds
20,Isangel,VU,-19.55,169.2667,86.0,70,75,14.97,broken clouds
21,Busselton,AU,-33.65,115.3333,66.99,71,11,7.0,few clouds
22,Darab,IR,28.7519,54.5444,46.87,46,0,5.06,clear sky
23,San Policarpo,PH,12.1791,125.5072,81.0,84,100,12.95,overcast clouds
24,Tuktoyaktuk,CA,69.4541,-133.0374,-14.8,76,75,12.66,light snow
25,Ushuaia,AR,-54.8,-68.3,39.2,81,75,4.61,light snow
26,Sandy Bay,AU,-42.913,147.3532,59.0,41,75,14.97,broken clouds
27,West Wendover,US,40.7391,-114.0733,28.4,86,75,9.22,broken clouds
28,Bengkulu,ID,-3.8004,102.2655,74.3,88,100,3.8,light rain
29,Lincoln,US,40.8,-96.667,19.4,68,90,11.5,overcast clouds
30,Chuy,UY,-33.6971,-53.4616,75.6,80,100,9.17,light rain
31,Sioux Lookout,CA,50.1001,-91.917,-11.2,77,40,5.75,scattered clouds
32,Ostrovnoy,RU,68.0531,39.5131,6.28,94,100,15.77,light snow
33,Loreto,MX,22.2667,-101.9667,63.05,29,100,11.86,overcast clouds
34,Lompoc,US,34.6391,-120.4579,51.8,58,90,5.75,overcast clouds
35,Butaritari,KI,3.0707,172.7902,81.25,75,0,9.35,clear sky
36,Mar Del Plata,AR,-38.0023,-57.5575,71.01,94,75,7.83,mist
37,Eureka,US,40.8021,-124.1637,43.0,85,100,10.0,moderate rain
38,Tiksi,RU,71.6872,128.8694,-37.12,83,100,4.03,overcast clouds
39,East London,ZA,-33.0153,27.9116,72.3,88,100,8.84,light rain
40,Sivaki,RU,52.6333,126.75,-11.67,90,100,4.29,overcast clouds
41,Beringovskiy,RU,63.05,179.3167,-6.38,90,100,18.28,overcast clouds
42,Monticello,US,45.3055,-93.7941,10.4,56,1,6.96,clear sky
43,Wichita Falls,US,33.9137,-98.4934,42.8,56,1,9.22,clear sky
44,Saskylakh,RU,71.9167,114.0833,-36.33,82,28,1.68,scattered clouds
45,Kodiak,US,57.79,-152.4072,37.4,48,1,17.27,clear sky
46,Pangnirtung,CA,66.1451,-65.7125,4.75,69,0,1.72,clear sky
47,Olga,RU,43.7444,135.2892,21.13,81,0,18.41,clear sky
48,Sharan,RU,54.8167,54.0,22.35,97,100,13.87,overcast clouds
49,Noumea,NC,-22.2763,166.4572,89.6,43,75,4.61,broken clouds
50,Pitimbu,BR,-7.4706,-34.8086,78.8,83,20,9.22,few clouds
51,Dali,CN,25.7,100.1833,41.09,67,0,3.2,clear sky
52,Ferrol,ES,43.4832,-8.2369,57.99,90,93,8.61,overcast clouds
53,Ancud,CL,-41.8697,-73.8203,57.2,67,90,4.61,overcast clouds
54,Belaya Gora,RU,68.5333,146.4167,-31.09,81,100,2.21,overcast clouds
55,Albany,US,42.6001,-73.9662,28.99,77,100,10.85,light snow
56,Ribeira Grande,PT,38.5167,-28.7,63.32,80,97,32.95,overcast clouds
57,Port Blair,IN,11.6667,92.75,77.38,82,51,8.14,broken clouds
58,Tacuarembo,UY,-31.7333,-55.9833,71.29,97,100,3.47,overcast clouds
59,Formosa Do Rio Preto,BR,-11.0483,-45.1931,75.76,56,50,1.48,scattered clouds
60,Ilulissat,GL,69.2167,-51.1,2.48,92,99,2.57,overcast clouds
61,Castro,BR,-24.7911,-50.0119,64.44,94,100,3.53,overcast clouds
62,Nantucket,US,41.2835,-70.0995,33.01,100,90,5.75,snow
63,Hithadhoo,MV,-0.6,73.0833,80.4,77,85,10.47,overcast clouds
64,Bathsheba,BB,13.2167,-59.5167,77.0,73,20,14.97,few clouds
65,Airai,TL,-8.9266,125.4092,69.49,80,100,3.69,overcast clouds
66,Ola,RU,59.5833,151.2833,-6.59,84,87,10.98,overcast clouds
67,Port Elizabeth,ZA,-33.918,25.5701,68.0,94,40,8.05,scattered clouds
68,Port Hedland,AU,-20.3167,118.5667,96.8,19,0,14.97,clear sky
69,Itaqui,BR,-29.1253,-56.5531,75.94,89,100,9.89,overcast clouds
70,Kruisfontein,ZA,-34.0033,24.7314,71.01,83,98,6.58,overcast clouds
71,Bandarbeyla,SO,9.4942,50.8122,72.32,77,46,18.68,scattered clouds
72,Bria,CF,6.5423,21.9863,74.35,32,75,3.74,broken clouds
73,Atuona,PF,-9.8,-139.0333,78.62,78,0,15.88,clear sky
74,Provideniya,RU,64.3833,-173.3,6.8,78,75,17.9,broken clouds
75,Quibdo,CO,5.6947,-76.6611,75.83,93,100,0.94,overcast clouds
76,Khandyga,RU,62.6667,135.6,-51.81,76,62,2.35,broken clouds
77,Cayenne,GF,4.9333,-52.3333,77.0,100,75,13.67,broken clouds
78,Kapaa,US,22.0752,-159.319,77.0,78,90,14.97,overcast clouds
79,Pocone,BR,-16.2567,-56.6228,81.36,68,100,5.35,moderate rain
80,Narsaq,GL,60.9167,-46.05,9.72,78,0,9.46,clear sky
81,Kavieng,PG,-2.5744,150.7967,85.08,72,100,9.98,overcast clouds
82,Sept-Iles,CA,50.2001,-66.3821,30.2,86,87,2.3,overcast clouds
83,Kamina,CD,-8.7386,24.9906,62.04,95,100,0.81,overcast clouds
84,Opuwo,NA,-18.0607,13.84,68.2,69,100,2.28,overcast clouds
85,Agaro,ET,7.85,36.65,59.72,71,1,1.39,clear sky
86,Marawi,PH,7.9986,124.2928,81.0,81,100,1.99,overcast clouds
87,Bilibino,RU,68.0546,166.4372,-18.92,82,100,5.86,overcast clouds
88,Kaitangata,NZ,-46.2817,169.8464,71.26,50,100,3.65,light rain
89,San Luis,AR,-33.295,-66.3356,77.07,26,0,9.42,clear sky
90,Grindavik,IS,63.8424,-22.4338,28.4,54,0,20.71,clear sky
91,Saint Anthony,US,45.0205,-93.218,15.8,52,1,4.61,clear sky
92,Port Alfred,ZA,-33.5906,26.891,69.01,95,100,4.85,moderate rain
93,Mersing,MY,2.4312,103.8405,75.2,88,40,4.61,scattered clouds
94,Houston,US,29.7633,-95.3633,70.0,43,90,8.05,overcast clouds
95,Pevek,RU,69.7008,170.3133,-29.6,85,17,1.92,few clouds
96,Georgetown,MY,5.4112,100.3354,79.0,88,20,4.61,few clouds
97,Paamiut,GL,61.994,-49.6678,15.17,79,0,10.49,clear sky
98,Sitka,US,57.0531,-135.33,32.0,47,40,7.27,scattered clouds
99,Polunochnoye,RU,60.8697,60.4153,22.37,95,100,7.83,overcast clouds
100,Guerrero Negro,MX,27.9769,-114.0611,58.24,56,100,12.55,overcast clouds
101,Goderich,CA,43.7501,-81.7165,26.6,86,99,12.66,overcast clouds
102,Dahanu,IN,19.9667,72.7333,63.64,45,52,10.18,broken clouds
103,Riyadh,SA,24.6877,46.7219,51.8,30,0,5.21,clear sky
104,Hilo,US,19.7297,-155.09,78.8,65,1,9.22,moderate rain
105,Carnarvon,AU,-24.8667,113.6333,73.4,56,40,31.07,scattered clouds
106,Katsuura,JP,35.1333,140.3,50.0,96,100,3.0,moderate rain
107,Arkhangelsk,RU,64.5401,40.5433,32.0,100,90,6.71,light snow
108,Asilah,MA,35.465,-6.0348,60.8,100,75,2.3,mist
109,Avera,US,33.194,-82.5271,64.4,74,90,3.44,haze
110,Olafsvik,IS,64.8945,-23.7142,28.06,87,100,20.62,overcast clouds
111,Lata,PT,40.1629,-8.3327,59.0,100,100,0.94,overcast clouds
112,Constitucion,CL,-35.3333,-72.4167,55.17,77,0,13.56,clear sky
113,Jamestown,US,42.097,-79.2353,33.01,100,90,15.1,light snow
114,Itupiranga,BR,-5.1347,-49.3267,74.71,94,98,1.25,overcast clouds
115,Balikpapan,ID,-1.2675,116.8289,78.8,94,40,2.3,scattered clouds
116,Timizart,DZ,36.8,4.2667,47.93,71,0,5.39,clear sky
117,Fortuna,US,40.5982,-124.1573,39.99,93,90,29.93,moderate rain
118,Arraial Do Cabo,BR,-22.9661,-42.0278,78.8,73,0,18.41,clear sky
119,Bodden Town,KY,19.2833,-81.25,79.0,78,0,5.75,clear sky
120,Luderitz,NA,-26.6481,15.1594,65.97,62,11,24.23,few clouds
121,Hasaki,JP,35.7333,140.8333,48.0,87,75,4.61,light rain
122,Dumka,IN,24.2667,87.25,49.98,52,0,5.53,clear sky
123,Nakamura,JP,32.9833,132.9333,53.29,81,100,6.29,light rain
124,Thinadhoo,MV,0.5333,72.9333,80.19,78,100,11.12,overcast clouds
125,Khatanga,RU,71.9667,102.5,-25.73,82,43,9.01,scattered clouds
126,Codrington,AU,-38.2667,141.9667,60.66,63,100,19.01,overcast clouds
127,Berlevag,NO,70.8578,29.0864,25.12,95,100,28.32,light snow
128,Umred,IN,20.85,79.3333,64.4,59,20,3.44,haze
129,Saint-Philippe,RE,-21.3585,55.7679,75.2,64,0,9.22,clear sky
130,Leshukonskoye,RU,64.8989,45.7622,26.82,98,100,6.11,overcast clouds
131,Souillac,MU,-20.5167,57.5167,73.4,83,20,6.91,few clouds
132,Picota,PE,-6.9197,-76.3304,74.66,86,100,2.26,light rain
133,Ponta Do Sol,PT,32.6667,-17.1,64.4,77,40,6.91,scattered clouds
134,Umm Kaddadah,SD,13.6017,26.6876,65.43,24,0,11.54,clear sky
135,Victoria,HK,22.2855,114.1577,64.99,77,5,1.01,clear sky
136,Porbandar,IN,21.6422,69.6093,59.58,34,0,11.23,clear sky
137,Phayao,TH,19.25,100.25,66.0,99,0,0.27,clear sky
138,Bambous Virieux,MU,-20.3428,57.7575,73.99,83,20,6.91,few clouds
139,Port Hawkesbury,CA,45.6169,-61.3485,30.99,100,1,2.3,clear sky
140,Salalah,OM,17.0151,54.0924,73.4,31,0,9.22,clear sky
141,Auki,SB,-8.7676,160.7034,82.62,80,100,11.74,overcast clouds
142,Dunedin,NZ,-45.8742,170.5036,73.71,45,100,16.51,light rain
143,Caiaponia,BR,-16.9567,-51.8103,70.59,84,97,2.86,light rain
144,Bulawayo,ZW,-20.15,28.5833,60.51,97,73,7.05,broken clouds
145,Aklavik,CA,68.2191,-135.0107,-11.2,77,100,2.3,overcast clouds
146,Aberystwyth,GB,52.4155,-4.0829,45.0,100,100,1.01,moderate rain
147,Lagoa,PT,39.05,-27.9833,63.0,82,100,35.28,overcast clouds
148,Turayf,SA,31.6725,38.6637,44.6,49,0,13.8,clear sky
149,Srednekolymsk,RU,67.45,153.6833,-29.83,83,100,10.04,overcast clouds
150,Aracuai,BR,-16.8497,-42.0703,71.06,78,100,4.92,overcast clouds
151,New Norfolk,AU,-42.7826,147.0587,57.99,51,100,3.87,overcast clouds
152,Huejuquilla El Alto,MX,22.6,-103.8667,54.39,36,66,5.23,broken clouds
153,Agapovka,RU,53.2973,59.1348,24.8,86,40,17.9,scattered clouds
154,Pobe,BJ,6.9801,2.6649,75.0,88,50,2.59,scattered clouds
155,Lavrentiya,RU,65.5833,-171.0,-3.62,87,6,5.3,clear sky
156,Koungou,YT,-12.7336,45.2042,78.8,83,0,4.61,clear sky
157,Neiafu,TO,-18.65,-173.9833,78.8,83,90,12.66,light rain
158,Novonikolsk,RU,43.8506,131.8645,21.2,63,0,8.95,clear sky
159,Hirara,JP,24.8,125.2833,68.0,73,75,11.5,broken clouds
160,Dikson,RU,73.5069,80.5464,-24.86,85,100,7.94,overcast clouds
161,Lakes Entrance,AU,-37.8811,147.981,69.01,44,0,1.99,clear sky
162,Sao Filipe,CV,14.8961,-24.4956,72.77,70,0,3.24,clear sky
163,Yeniseysk,RU,58.4497,92.1703,-31.99,81,100,9.95,overcast clouds
164,Bambanglipuro,ID,-7.95,110.2833,78.57,82,100,3.85,overcast clouds
165,Sargatskoye,RU,55.6101,73.4972,31.53,98,100,14.45,overcast clouds
166,Margate,GB,51.3813,1.3862,43.0,90,100,4.0,overcast clouds
167,Zakamensk,RU,50.3741,103.2863,-24.0,78,97,2.48,overcast clouds
168,Mapiripan,CO,2.8892,-72.1256,75.29,74,6,3.89,clear sky
169,San Quintin,MX,30.4833,-115.95,54.45,55,0,11.72,clear sky
170,Saint-Augustin,CA,51.226,-58.6502,22.66,94,91,13.27,overcast clouds
171,Saint Augustine,US,29.8947,-81.3145,71.6,83,20,3.44,few clouds
172,Clyde River,CA,70.4692,-68.5914,3.2,85,1,31.07,snow
173,Cukai,MY,4.25,103.4167,73.4,100,40,5.75,scattered clouds
174,Kayes,ML,14.0,-11.0,72.63,16,0,6.82,clear sky
175,Barranca De Upia,CO,4.5696,-72.9668,79.99,56,99,3.0,overcast clouds
176,Sola,VU,-13.8833,167.55,86.0,79,90,9.22,light rain
177,Tasiilaq,GL,65.6145,-37.6368,8.74,93,100,9.86,snow
178,Longyearbyen,SJ,78.2186,15.6401,6.8,51,0,18.41,clear sky
179,Kawai,JP,34.2333,135.85,55.4,71,75,5.75,broken clouds
180,Nikolskoye,RU,59.7035,30.7861,35.6,87,90,8.95,light snow
181,Chumphon,TH,10.3333,98.8333,81.0,74,75,3.44,broken clouds
182,Hamilton,US,39.1834,-84.5333,37.99,70,90,16.11,overcast clouds
183,Nanortalik,GL,60.1432,-45.2371,15.13,83,0,6.55,clear sky
184,Kerchevskiy,RU,59.946,56.2884,20.46,98,99,5.3,overcast clouds
185,Meulaboh,ID,4.1363,96.1285,75.38,87,100,4.9,overcast clouds
186,Buraydah,SA,26.326,43.975,53.6,58,0,5.91,clear sky
187,Benton Harbor,US,42.1167,-86.4542,30.2,69,90,6.91,overcast clouds
188,Garissa,KE,-0.4536,39.6401,75.06,74,0,8.95,clear sky
189,Masasi,TZ,-10.7167,38.8,67.53,100,4,2.57,clear sky
190,Kushiro,JP,42.975,144.3747,24.8,100,90,9.22,moderate rain
191,Hermanus,ZA,-34.4187,19.2345,62.01,93,69,3.33,light rain
192,Shu,KZ,43.5983,73.7614,9.01,91,0,1.92,clear sky
193,San Carlos De Bariloche,AR,-41.1456,-71.3082,51.8,50,40,11.5,scattered clouds
194,Gazanjyk,TM,39.2446,55.5154,32.23,91,51,9.86,broken clouds
195,Storforshei,NO,66.4043,14.5233,14.88,85,0,3.62,clear sky
196,Padang,ID,-0.9492,100.3543,75.2,88,20,2.3,moderate rain
197,Hanyang,CN,32.1371,105.5126,34.0,78,51,1.99,broken clouds
198,Marsh Harbour,BS,26.5412,-77.0636,74.59,82,26,6.35,scattered clouds
199,Khoy,IR,38.5504,44.9535,19.56,85,7,0.89,clear sky
200,Santa Cruz,BO,-17.8,-63.1667,73.4,88,75,16.11,broken clouds
201,Miguelopolis,BR,-20.1794,-48.0319,71.78,84,100,3.22,overcast clouds
202,Kirovskiy,RU,45.0917,133.5136,9.84,93,19,7.49,few clouds
203,Makakilo City,US,21.3469,-158.0858,80.6,54,75,12.66,broken clouds
204,San Andres,CO,12.5847,-81.7006,81.03,74,23,17.43,few clouds
205,San Ignacio,BZ,17.1561,-89.0714,75.99,67,0,5.97,clear sky
206,Dryden,CA,49.7833,-92.7503,-7.6,71,40,5.75,scattered clouds
207,Surt,LY,31.2089,16.5887,57.54,56,27,26.28,scattered clouds
208,Ankpa,NG,7.3706,7.6253,74.52,21,75,5.53,broken clouds
209,Inhambane,MZ,-23.865,35.3833,78.03,87,98,6.35,overcast clouds
210,Taltal,CL,-25.4,-70.4833,67.21,68,0,6.62,clear sky
211,Sendafa,ET,9.15,39.0333,47.37,45,0,2.82,clear sky
212,Balkanabat,TM,39.5108,54.3671,37.35,71,48,4.45,scattered clouds
213,Winsum,NL,53.33,6.5208,37.0,93,100,1.99,overcast clouds
214,Saint-Joseph,RE,-21.3667,55.6167,75.2,64,0,9.22,clear sky
215,Tonj,SS,7.2737,28.6822,73.58,31,8,3.96,clear sky
216,Namatanai,PG,-3.6667,152.4333,85.15,68,89,7.83,overcast clouds
217,Lebu,CL,-37.6167,-73.65,56.82,78,91,16.42,overcast clouds
218,Geraldton,AU,-28.7667,114.6,70.3,65,93,17.07,overcast clouds
219,Deputatskiy,RU,69.3,139.9,-39.17,84,100,3.18,overcast clouds
220,Campbell River,CA,50.0163,-125.2446,36.0,93,75,3.15,broken clouds
221,Thompson,CA,55.7435,-97.8558,-14.8,84,75,3.76,light snow
222,Malanje,AO,-9.5402,16.341,64.67,92,100,3.09,overcast clouds
223,Kot Samaba,PK,28.5522,70.4684,42.89,59,0,1.95,clear sky
224,Talcahuano,CL,-36.7167,-73.1167,60.8,59,0,13.8,clear sky
225,Jasper,US,37.2001,-94.3502,30.99,86,90,10.36,overcast clouds
226,Port Shepstone,ZA,-30.7414,30.455,75.29,82,100,9.75,overcast clouds
227,Portland,US,45.5234,-122.6762,36.0,93,90,26.46,light rain
228,Tambura,SS,5.6,27.4667,69.44,39,70,2.64,broken clouds
229,Liverpool,GB,53.4106,-2.9779,48.2,93,90,11.5,overcast clouds
230,Alofi,NU,-19.0595,-169.9187,84.2,74,75,11.5,moderate rain
231,Christchurch,NZ,-43.5333,172.6333,95.0,18,0,13.8,clear sky
232,Trairi,BR,-3.2778,-39.2689,78.87,82,91,8.77,overcast clouds
233,Nouadhibou,MR,20.931,-17.0347,64.4,77,0,17.27,clear sky
234,Half Moon Bay,US,37.4636,-122.4286,48.2,81,90,26.46,light rain
235,Samarai,PG,-10.6167,150.6667,85.35,65,88,5.35,overcast clouds
236,Bereda,ES,43.2686,-7.5406,59.0,100,100,5.99,overcast clouds
237,Esperance,AU,-33.8667,121.9,62.6,82,90,8.05,overcast clouds
238,Yamada,JP,39.4667,141.95,49.37,76,100,8.05,overcast clouds
239,Gari,RU,59.4307,62.3497,22.24,97,88,7.54,overcast clouds
240,Sur,OM,22.5667,59.5289,64.49,64,0,3.4,clear sky
241,Oussouye,SN,12.485,-16.5469,69.8,94,0,4.61,clear sky
242,Waipawa,NZ,-41.4122,175.5153,75.2,60,0,18.41,clear sky
243,Iwanai,JP,42.9744,140.5089,40.39,89,100,14.32,overcast clouds
244,Kiunga,PG,-6.1219,141.2906,80.85,78,100,4.7,overcast clouds
245,Ahuimanu,US,21.4447,-157.8378,80.6,65,75,11.5,broken clouds
246,Talara,PE,-4.5772,-81.2719,74.44,78,70,15.3,broken clouds
247,Namibe,AO,-15.1961,12.1522,75.54,76,5,5.55,clear sky
248,Harper,LR,4.375,-7.7169,77.94,85,48,8.08,scattered clouds
249,Mahebourg,MU,-20.4081,57.7,73.4,83,20,6.91,few clouds
250,Upleta,IN,21.7333,70.2833,52.74,42,0,8.05,clear sky
251,Rolla,US,37.9514,-91.7713,28.99,80,90,6.91,overcast clouds
252,Huarmey,PE,-10.0681,-78.1522,71.92,77,100,8.93,overcast clouds
253,Kaduna,NG,10.5222,7.4383,69.31,23,98,7.14,overcast clouds
254,Tambun,ID,-6.2641,107.0712,80.01,83,40,5.75,haze
255,Abha,SA,18.2164,42.5053,55.4,50,0,3.09,clear sky
256,Aldergrove,CA,49.058,-122.4709,41.0,48,75,9.22,broken clouds
257,Jining,CN,35.405,116.5814,39.9,67,41,8.99,scattered clouds
258,Tateyama,JP,34.9833,139.8667,62.6,94,75,25.32,moderate rain
259,Lima,PE,-12.0432,-77.0282,78.01,82,100,10.6,overcast clouds
260,Pokhara,NP,28.2333,83.9833,50.67,40,0,3.85,clear sky
261,Chokurdakh,RU,70.6333,147.9167,-31.11,82,89,7.45,overcast clouds
262,Vila,PT,42.0304,-8.1588,54.0,96,100,5.99,overcast clouds
263,Linxia,CN,35.6003,103.2064,21.52,82,82,1.48,broken clouds
264,Jambi,ID,-1.6,103.6167,74.73,93,100,3.18,overcast clouds
265,Oranjemund,NA,-28.55,16.4333,61.81,89,76,13.09,broken clouds
266,Cherskiy,RU,68.75,161.3,-35.09,80,100,1.57,overcast clouds
267,Grand-Santi,GF,4.25,-54.3833,71.92,97,90,2.39,overcast clouds
268,Teknaf,BD,20.8624,92.3058,60.57,53,61,10.27,broken clouds
269,Puerto Del Rosario,ES,28.5004,-13.8627,66.2,82,75,17.27,broken clouds
270,Kedrovyy,RU,56.1667,91.8167,-40.0,74,100,5.82,mist
271,Sisimiut,GL,66.9395,-53.6735,6.85,89,58,7.18,broken clouds
272,Salina,US,38.8403,-97.6114,23.0,80,90,9.22,overcast clouds
273,Kaeo,NZ,-35.1,173.7833,82.99,59,20,11.99,few clouds
274,Baykit,RU,61.67,96.37,-45.44,72,49,2.51,scattered clouds
275,Platteville,US,42.7342,-90.4785,18.0,85,1,8.86,clear sky
276,Comodoro Rivadavia,AR,-45.8667,-67.5,62.6,48,0,9.22,clear sky
277,Amuntai,ID,-2.4177,115.2494,76.62,93,99,1.23,light rain
278,Sultanpur,IN,26.2667,82.0667,44.69,69,0,4.76,clear sky
279,Qaanaaq,GL,77.484,-69.3632,-16.24,63,0,6.89,clear sky
280,Puerto Colombia,CO,10.9878,-74.9547,80.38,74,0,28.21,clear sky
281,Upernavik,GL,72.7868,-56.1549,2.55,91,60,12.44,broken clouds
282,Macusani,PE,-14.0833,-70.4333,42.26,80,100,2.37,overcast clouds
283,Garwa,IN,24.1833,83.8167,49.01,78,0,1.77,clear sky
284,Fukue,JP,32.6881,128.8419,51.8,66,40,16.11,scattered clouds
285,Oksfjord,NO,70.2396,22.3479,23.0,92,90,2.3,overcast clouds
286,Mayya,RU,61.7333,130.2811,-54.4,52,90,3.42,fog
287,Kahramanmaras,TR,38.0,37.0,41.0,65,75,1.14,broken clouds
288,Nome,US,64.5011,-165.4064,15.8,73,90,3.44,overcast clouds
289,Puerto Madryn,AR,-42.7692,-65.0385,67.42,39,62,13.89,broken clouds
290,Vila Franca Do Campo,PT,37.7167,-25.4333,63.0,94,75,19.57,broken clouds
291,Kahului,US,20.8947,-156.47,82.4,54,40,23.02,light rain
292,Saldanha,ZA,-33.0117,17.9442,62.6,82,0,8.05,clear sky
293,Pathein,MM,16.7833,94.7333,67.51,71,53,5.5,broken clouds
294,Xuddur,SO,4.1213,43.8894,66.61,86,0,13.87,clear sky
295,Vardo,NO,70.3705,31.1107,24.84,95,100,26.71,light snow
296,Helena,US,46.5927,-112.0361,24.01,68,1,3.44,clear sky
297,Suhbaatar,MN,50.2314,106.2078,-11.31,86,100,3.65,overcast clouds
298,Saanen,CH,46.4896,7.2596,27.0,72,100,4.0,overcast clouds
299,Torbay,CA,47.6666,-52.7314,33.01,100,90,20.71,light snow
300,Whitehorse,CA,60.7161,-135.0538,1.4,71,40,8.05,scattered clouds
301,Pokrovsk,UA,48.282,37.1758,37.9,86,100,12.59,overcast clouds
302,Petropavlovsk-Kamchatskiy,RU,53.0452,158.6483,28.4,50,100,24.61,snow
303,Matay,EG,28.419,30.7792,48.36,51,100,2.37,overcast clouds
304,Derzhavinsk,KZ,51.1,66.3167,24.51,98,97,14.58,overcast clouds
305,Muros,ES,42.7762,-9.0603,57.99,96,100,5.01,overcast clouds
306,La Reforma,MX,25.0833,-108.05,62.01,63,99,8.99,overcast clouds
307,Ilhabela,BR,-23.7781,-45.3581,77.0,84,100,4.83,overcast clouds
308,Kiruna,SE,67.8557,20.2251,6.8,92,90,2.3,light snow
309,Manado,ID,1.487,124.8455,84.2,79,40,1.14,scattered clouds
310,Lehre,DE,52.3333,10.6667,33.8,86,75,6.91,light snow
311,Rutesheim,DE,48.8081,8.9454,30.99,89,100,1.01,overcast clouds
312,Preobrazheniye,RU,42.9019,133.9064,21.74,82,0,13.49,clear sky
313,Acapulco,MX,16.8634,-99.8901,77.04,75,7,5.53,clear sky
314,San Patricio,US,28.017,-97.5169,73.4,94,90,8.05,overcast clouds
315,Bubaque,GW,11.2833,-15.8333,77.52,70,0,14.88,clear sky
316,Kuopio,FI,62.8924,27.677,32.0,100,90,3.44,light rain
317,Westport,US,41.1415,-73.3579,30.99,93,90,8.05,light rain
318,Mehamn,NO,71.0357,27.8492,24.89,95,100,27.42,light snow
319,Miquelon,PM,47.0975,-56.3814,34.45,87,94,23.42,overcast clouds
320,Flinders,AU,-34.5833,150.8552,66.99,95,100,3.0,overcast clouds
321,Port Hardy,CA,50.6996,-127.4199,44.6,70,75,31.07,broken clouds
322,Maiduguri,NG,11.8464,13.1603,68.58,22,88,7.99,overcast clouds
323,Sete,FR,43.4018,3.6966,42.8,65,0,3.44,clear sky
324,Bitung,ID,1.4451,125.1824,84.2,79,40,1.14,scattered clouds
325,Tautira,PF,-17.7333,-149.15,82.4,65,75,9.22,broken clouds
326,Sinnamary,GF,5.3833,-52.95,77.4,87,94,14.18,light rain
327,Sapele,NG,5.8941,5.6767,78.51,85,85,1.88,overcast clouds
328,Quatre Cocos,MU,-20.2078,57.7625,73.99,83,20,6.91,few clouds
329,Basqal,AZ,40.7552,48.391,26.6,93,0,3.8,mist
330,Lakatoro,VU,-16.0999,167.4164,81.34,84,100,8.25,heavy intensity rain
331,Lajas,PR,18.05,-67.0593,77.0,96,2,7.81,clear sky
332,Morecambe,GB,54.0684,-2.8611,45.0,99,71,1.01,broken clouds
333,La Cruz,MX,23.9167,-106.9,64.0,72,18,3.0,few clouds
334,Vila Velha,BR,-20.3297,-40.2925,78.8,78,20,9.22,few clouds
335,Sagua La Grande,CU,22.8067,-80.0756,75.2,83,40,8.05,light rain
336,Dobryanka,RU,58.4619,56.4165,21.2,100,90,6.71,overcast clouds
337,Sampit,ID,-2.5333,112.95,75.27,93,99,3.0,light rain
338,Suluq,LY,31.6682,20.2521,56.59,69,0,18.7,clear sky
339,Garden City,US,42.3256,-83.331,32.0,80,90,16.11,light snow
340,Cabedelo,BR,-6.9811,-34.8339,78.8,83,20,9.22,few clouds
341,Bowen,AU,-20.0167,148.2333,86.0,70,40,12.66,scattered clouds
342,Dhandhuka,IN,22.3667,71.9833,52.68,40,0,8.39,clear sky
343,Mandalgovi,MN,45.7625,106.2708,-4.79,77,100,12.73,overcast clouds
344,Gat,IL,31.61,34.7642,55.0,76,0,2.3,clear sky
345,Dubbo,AU,-32.25,148.6167,91.4,35,40,3.44,scattered clouds
346,Papayal,PE,-4.0761,-80.7361,80.37,54,77,1.74,broken clouds
347,Talnakh,RU,69.4865,88.3972,-20.72,84,100,6.96,overcast clouds
348,Bozova,TR,37.3625,38.5267,39.2,56,0,8.05,clear sky
349,Portadown,GB,54.4241,-6.4412,46.4,100,20,11.5,few clouds
350,Teguise,ES,29.0605,-13.564,64.4,82,20,11.5,few clouds
351,Kijang,KR,35.2442,129.2139,39.2,65,0,4.61,clear sky
352,San Cristobal,VE,7.7669,-72.225,65.08,79,4,1.83,clear sky
353,Panjab,AF,34.388,67.0233,0.19,42,0,3.09,clear sky
354,Iqaluit,CA,63.7506,-68.5145,-5.01,71,1,10.36,clear sky
355,Awbari,LY,26.5921,12.7805,54.57,48,0,8.5,clear sky
356,Kibre Mengist,ET,5.8833,38.9833,49.6,49,8,2.62,clear sky
357,Zhenjiang,CN,32.2092,119.4342,39.99,87,0,3.0,clear sky
358,Karatau,KZ,43.1667,70.4667,13.42,92,31,1.92,scattered clouds
359,Hami,CN,42.8,93.45,14.88,83,0,6.29,clear sky
360,Brentwood,US,40.7812,-73.2462,35.01,100,90,10.36,mist
361,Sabha,LY,27.0377,14.4283,56.05,48,0,15.26,clear sky
362,Romanovskaya,RU,47.5426,42.0285,36.16,85,100,14.47,overcast clouds
363,Pandan Niog,PH,6.2282,120.5631,81.45,79,18,12.93,light rain
364,Inirida,CO,3.8653,-67.9239,74.23,92,49,1.95,scattered clouds
365,Gananoque,CA,44.3334,-76.1661,27.0,69,100,8.01,light snow
366,Concepcion,CL,-36.827,-73.0498,60.8,59,0,13.8,clear sky
367,Fairbanks,US,64.8378,-147.7164,-9.99,70,20,0.89,few clouds
368,Egvekinot,RU,66.3167,-179.1667,-14.71,88,55,12.03,broken clouds
369,Southbridge,US,42.0751,-72.0334,28.99,89,100,6.46,light snow
370,Hambantota,LK,6.1241,81.1185,68.0,100,40,2.3,scattered clouds
371,Mananjary,MG,-21.2167,48.3333,75.42,91,9,7.29,clear sky
372,Ganzhou,CN,28.8184,115.4327,47.26,74,100,1.77,overcast clouds
373,Atar,MR,20.5169,-13.0499,67.03,22,0,7.36,clear sky
374,Vanimo,PG,-2.6741,141.3028,82.17,81,100,5.86,overcast clouds
375,Hienghene,NC,-20.6833,164.9333,78.08,77,100,16.04,overcast clouds
376,Orel-Izumrud,RU,43.4583,39.9244,50.0,57,90,11.18,overcast clouds
377,Ginir,ET,7.1333,40.7,54.23,39,0,3.2,clear sky
378,Roma,US,43.2128,-75.4557,26.6,80,90,11.5,light snow
379,Anchorage,US,61.2181,-149.9003,15.8,73,20,0.29,few clouds
380,Esso,RU,55.9333,158.7,15.12,89,100,6.96,overcast clouds
381,Husavik,IS,66.0449,-17.3389,21.2,68,75,2.46,light snow
382,Ahipara,NZ,-35.1667,173.1667,75.07,63,6,5.93,clear sky
383,Soria,ES,41.6667,-2.6667,48.0,95,100,7.92,overcast clouds
384,Shubarshi,KZ,48.5872,57.1869,14.31,96,21,9.57,few clouds
385,Kayerkan,RU,69.3497,87.7602,-21.08,85,100,7.18,overcast clouds
386,Severo-Kurilsk,RU,50.6789,156.125,25.77,95,82,23.76,light snow
387,Brae,GB,60.3964,-1.353,30.2,80,56,3.44,broken clouds
388,Kuala Terengganu,MY,5.3302,103.1408,75.2,94,40,4.61,scattered clouds
389,Komsomolskiy,UZ,40.4272,71.7189,21.2,79,28,6.91,mist
390,Bintulu,MY,3.1667,113.0333,75.2,100,40,3.44,scattered clouds
391,Conceicao Do Araguaia,BR,-8.2578,-49.2647,74.73,86,100,1.74,light rain
392,Klaksvik,FO,62.2266,-6.589,33.8,86,88,14.97,light snow
393,Aksarka,RU,66.5606,67.7975,-32.62,81,0,7.63,clear sky
394,Constantine,DZ,36.365,6.6147,33.8,93,20,3.44,few clouds
395,Marevo,RU,57.3146,32.0804,29.77,97,60,7.65,snow
396,Buala,SB,-8.145,159.5921,85.21,73,90,13.91,light rain
397,Norman Wells,CA,65.282,-126.8329,-18.4,83,75,3.44,light snow
398,Zhoucheng,CN,35.9122,116.3117,39.49,70,0,10.78,clear sky
399,Male,MV,4.1748,73.5089,80.6,74,75,11.5,broken clouds
400,Sindor,RU,62.8629,51.8905,19.99,98,79,4.9,broken clouds
401,Cidreira,BR,-30.1811,-50.2056,74.97,92,100,6.33,light rain
402,Bilma,NE,18.6853,12.9164,62.37,21,0,7.4,clear sky
403,Maua,BR,-23.6678,-46.4614,73.99,68,20,2.3,few clouds
404,Najran,SA,17.4924,44.1277,51.8,50,0,0.94,clear sky
405,Alugan,PH,12.2188,125.4808,80.8,85,100,12.77,overcast clouds
406,Kohima,IN,25.6667,94.1167,45.84,85,0,2.95,clear sky
407,Solnechnyy,RU,50.7214,136.6319,-7.37,85,100,7.76,light snow
408,Sangar,RU,63.9242,127.4739,-55.8,64,71,4.21,broken clouds
409,Tezu,IN,27.9167,96.1667,58.37,38,0,3.65,clear sky
410,Carbondale,US,37.7273,-89.2168,37.4,70,90,10.36,overcast clouds
411,Hailar,CN,49.2,119.7,-12.08,88,81,10.54,broken clouds
412,Ust-Kuyga,RU,70.0167,135.6,-39.66,77,100,2.73,overcast clouds
413,Gamba,GA,-2.65,10.0,77.59,91,100,5.91,light rain
414,Miracema Do Tocantins,BR,-9.5618,-48.3967,75.15,82,100,2.8,overcast clouds
415,Hofn,IS,64.2539,-15.2082,25.34,89,100,27.04,overcast clouds
416,Bata,GQ,1.8639,9.7658,78.8,100,40,6.11,light rain
417,Bayan,CN,46.0833,127.4,-2.67,87,35,12.17,scattered clouds
418,Vezirkopru,TR,41.1436,35.4547,46.4,66,75,5.75,broken clouds
419,Broome,US,42.2506,-75.833,28.99,93,90,12.66,light snow
420,Sao Joao Da Barra,BR,-21.6403,-41.0511,77.81,83,48,20.33,scattered clouds
421,Novyy Urengoy,RU,66.0833,76.6333,-31.49,84,100,6.91,overcast clouds
422,Armeria,MX,18.9333,-103.9667,69.93,85,27,2.64,scattered clouds
423,Along,IN,28.1667,94.7667,53.42,60,87,2.66,overcast clouds
424,Locri,IT,38.2414,16.2623,52.0,43,75,14.97,broken clouds
425,Kendari,ID,-3.945,122.4989,82.24,76,100,2.3,overcast clouds
426,Lazaro Cardenas,MX,17.9583,-102.2,73.81,81,100,2.57,overcast clouds
427,Araguaina,BR,-7.1911,-48.2072,76.39,79,96,3.11,overcast clouds
428,Turukhansk,RU,65.8167,87.9833,-22.9,85,100,20.47,light snow
429,Los Llanos De Aridane,ES,28.6585,-17.9182,64.4,72,0,10.36,clear sky
430,Renfrew,GB,55.872,-4.3925,35.6,100,90,2.3,light rain
431,Saint George,US,37.1041,-113.5841,37.4,65,90,4.61,overcast clouds
432,Pisco,PE,-13.7,-76.2167,68.0,89,62,13.0,broken clouds
433,Juneau,US,58.3019,-134.4197,23.0,46,20,13.8,few clouds
434,Kavaratti,IN,10.5669,72.642,80.55,71,51,14.16,broken clouds
435,Mansa,IN,29.9833,75.3833,44.31,60,0,3.71,clear sky
436,Nanchong,CN,30.7951,106.0847,45.36,85,83,4.09,broken clouds
437,Limoges,FR,45.75,1.3333,37.99,75,75,6.91,broken clouds
438,Pilar,BR,-9.5972,-35.9567,75.2,88,75,3.44,broken clouds
439,Santa Vitoria,BR,-18.8386,-50.1214,76.06,71,80,4.81,broken clouds
440,Sakakah,SA,29.9697,40.2064,48.2,34,0,8.14,clear sky
441,Ayagoz,KZ,47.9714,80.4392,4.73,90,100,3.69,overcast clouds
442,Homer,US,59.6425,-151.5483,30.2,59,1,3.44,clear sky
443,Coihaique,CL,-45.5752,-72.0662,50.0,81,75,9.22,light rain
444,Qaqortoq,GL,60.7167,-46.0333,10.9,82,0,9.53,clear sky
445,Xinxiang,CN,35.3089,113.8672,41.18,59,100,3.27,overcast clouds
446,Adrar,MR,20.5022,-10.0711,65.84,21,0,8.43,clear sky
447,Araouane,ML,18.9048,-3.5265,66.72,19,0,10.87,clear sky
448,Hluti,SZ,-27.2167,31.6167,69.93,96,98,3.89,overcast clouds
449,Yerbogachen,RU,61.2767,108.0108,-43.82,80,81,1.86,broken clouds
450,Briancon,FR,44.9,6.65,33.01,65,100,1.01,overcast clouds
451,Gewane,ET,10.1664,40.6453,61.79,51,0,4.68,clear sky
452,Kushima,JP,31.4583,131.2333,53.6,94,75,3.44,broken clouds
453,Victor Harbor,AU,-35.5667,138.6167,66.0,62,0,1.99,clear sky
454,Plettenberg Bay,ZA,-34.0527,23.3716,66.94,83,54,5.08,broken clouds
455,Touros,BR,-5.1989,-35.4608,79.02,79,50,14.25,scattered clouds
456,Imbituba,BR,-28.24,-48.6703,77.0,94,0,6.91,light rain
457,Tual,ID,-5.6667,132.75,82.92,79,100,19.44,light rain
458,Kudahuvadhoo,MV,2.6708,72.8944,81.07,75,100,15.43,overcast clouds
459,Tara,RU,56.8944,74.371,33.22,97,100,12.95,light snow
460,Borgarnes,IS,64.5383,-21.9206,30.2,43,0,20.71,clear sky
461,Omsukchan,RU,62.5333,155.8,-26.14,82,100,4.92,overcast clouds
462,Ust-Ishim,RU,57.6935,71.1665,28.9,98,100,10.94,overcast clouds
463,Kurilsk,RU,45.2333,147.8833,25.36,94,57,16.02,snow
464,Vao,NC,-22.6667,167.4833,76.73,80,34,23.49,scattered clouds
465,Tuatapere,NZ,-46.1333,167.6833,77.0,49,72,11.99,light rain
466,Iralaya,HN,15.0,-83.2333,80.6,81,20,10.36,few clouds
467,Yizheng,CN,24.6706,103.4296,48.72,93,38,9.17,scattered clouds
468,Humberto De Campos,BR,-2.5983,-43.4611,76.42,90,100,4.38,overcast clouds
469,Basco,PH,20.4487,121.9702,72.28,72,0,19.39,clear sky
470,Faya,SA,18.3851,42.4509,55.4,50,0,2.98,clear sky
471,Zaysan,KZ,47.4667,84.8667,-0.17,91,93,1.48,snow
472,Bari,IT,41.1177,16.8512,39.2,75,40,13.8,scattered clouds
473,Mount Gambier,AU,-37.8333,140.7667,68.0,40,10,24.16,clear sky
474,Viking,CA,53.1001,-111.7684,1.4,78,100,12.66,overcast clouds
475,Vaitape,PF,-16.5167,-151.75,81.86,72,5,16.08,clear sky
476,Udachnyy,RU,66.4167,112.4,-41.93,79,17,1.74,few clouds
477,Varkkallai,IN,8.7341,76.7067,73.4,83,20,3.44,mist
478,San Lazaro,BZ,18.0387,-88.6622,80.6,83,20,4.61,few clouds
479,Goma,CD,-1.6792,29.2228,61.27,81,100,1.63,overcast clouds
480,Marion,US,39.7684,-86.1555,33.01,80,90,11.5,overcast clouds
481,Nishihara,JP,26.1842,127.7558,68.0,68,75,18.41,broken clouds
482,Nampa,US,43.5407,-116.5635,37.0,64,75,9.22,broken clouds
483,Russell,US,32.3502,-85.1999,64.4,72,90,3.44,overcast clouds
484,Ekhabi,RU,53.5102,142.9671,2.1,93,100,10.85,light snow
485,Bundaberg,AU,-24.85,152.35,84.2,58,75,11.5,broken clouds
486,Guane,CU,22.2025,-84.0875,72.81,90,0,5.41,clear sky
487,Carutapera,BR,-1.195,-46.02,77.79,86,100,5.26,light rain
488,Impfondo,CG,1.6381,18.0667,72.97,86,97,2.66,overcast clouds
489,Yantongshan,CN,43.2919,126.0094,2.95,88,0,5.5,clear sky
490,Alexandria,EG,31.2156,29.9553,53.6,82,0,2.3,clear sky
491,Gunjur,GM,13.2019,-16.7339,66.2,68,0,6.58,clear sky
492,Krasnyy Chikoy,RU,50.3643,108.7512,-18.76,83,94,3.2,overcast clouds
493,Innisfail,AU,-17.5333,146.0333,82.09,70,100,5.03,overcast clouds
494,Nicoya,CR,10.1483,-85.452,77.4,68,0,9.44,clear sky
495,Yuli,NG,9.6989,10.2744,73.22,21,64,6.8,broken clouds
496,Severomuysk,RU,56.1481,113.4267,-29.61,85,100,5.41,overcast clouds
497,Scarborough,GB,54.2797,-0.4044,36.0,94,100,1.99,overcast clouds
498,Naliya,IN,23.2667,68.8333,56.5,58,0,7.85,clear sky
499,Arlit,NE,18.7369,7.3853,62.73,21,0,7.09,clear sky
500,Viedma,AR,-40.8135,-62.9967,59.0,81,0,14.14,clear sky
501,Katra,IN,32.9833,74.95,41.58,57,0,9.62,clear sky
502,Hovin,NO,63.1055,10.225,28.99,88,62,1.99,broken clouds
503,Prince Rupert,CA,54.3161,-130.3201,37.4,56,1,4.43,clear sky
504,Abu Samrah,SY,35.3029,37.1841,45.32,57,100,5.39,overcast clouds
505,French Harbor,HN,16.35,-86.4333,80.01,90,0,1.01,clear sky
506,Ottawa,CA,45.4112,-75.6981,23.0,93,90,14.97,snow
507,Mouila,GA,-1.8685,11.0559,73.69,91,100,0.63,overcast clouds
508,Zhob,PK,31.3411,69.4481,36.28,62,0,1.77,clear sky
509,Pontes E Lacerda,BR,-15.2261,-59.3353,76.3,83,98,3.85,overcast clouds
510,Shrirangapattana,IN,12.4136,76.7042,60.8,94,94,2.17,mist
511,Bonavista,CA,48.6499,-53.1147,33.01,100,100,5.75,light snow
512,Palmerston,AU,-12.486,130.9833,82.0,94,90,16.11,overcast clouds
513,Tabalosos,PE,-6.35,-76.6833,64.9,95,100,3.24,heavy intensity rain
514,Vestmannaeyjar,IS,63.4427,-20.2734,33.03,86,100,25.77,overcast clouds
515,Ahwa,IN,20.75,73.6833,60.51,43,0,4.27,clear sky
516,Yingcheng,CN,30.95,113.55,42.8,93,90,4.47,mist
517,Korla,CN,41.7597,86.1469,18.46,83,0,2.13,clear sky
518,Sassandra,CI,4.95,-6.0833,77.09,88,96,6.6,overcast clouds
519,Walvis Bay,NA,-22.9575,14.5053,68.0,88,6,2.3,clear sky
520,Weihe,CN,32.9952,105.3247,35.69,79,100,3.74,overcast clouds
521,Roald,NO,62.5833,6.1333,30.2,93,20,9.22,few clouds
522,Maceio,BR,-9.6658,-35.7353,75.2,88,75,3.44,broken clouds
523,Te Anau,NZ,-45.4167,167.7167,67.78,63,47,13.38,moderate rain
524,Griffith,US,41.5284,-87.4237,32.0,86,90,11.5,light snow
525,Singaraja,ID,-8.112,115.0882,81.0,72,100,3.15,overcast clouds
526,Virginia Beach,US,36.8529,-75.978,50.0,81,90,5.75,mist
527,Idenao,CM,4.2475,9.0047,78.8,100,20,9.22,few clouds
528,Okakarara,NA,-20.5833,17.4333,67.71,77,100,8.39,overcast clouds
529,Saint-Cyr-Sur-Loire,FR,47.4,0.6667,37.0,93,90,9.22,light snow
530,Praia Da Vitoria,PT,38.7333,-27.0667,64.0,92,100,18.99,overcast clouds
531,Vitim,RU,59.4511,112.5578,-37.08,79,100,0.94,overcast clouds
532,Zachary,US,30.6485,-91.1565,64.99,82,90,5.75,overcast clouds
533,Tamiahua,MX,21.2667,-97.45,70.57,93,54,4.38,broken clouds
534,Jalingo,NG,8.8833,11.3667,75.83,19,91,3.65,overcast clouds
535,Ucluelet,CA,48.9329,-125.5528,42.01,60,90,10.36,overcast clouds
536,Banda Aceh,ID,5.5577,95.3222,78.89,76,87,5.39,overcast clouds
537,Saint-Francois,FR,46.4154,3.9054,34.0,86,0,2.3,clear sky
538,Sambava,MG,-14.2667,50.1667,75.2,86,13,4.81,few clouds
539,Haikou,CN,20.0458,110.3417,64.4,100,90,6.71,fog
540,Ust-Tsilma,RU,65.441,52.1498,-5.37,91,100,7.96,light snow
541,Iquique,CL,-20.2208,-70.1431,69.8,73,0,18.41,clear sky
542,Port-Gentil,GA,-0.7193,8.7815,80.98,80,100,9.26,light rain
543,Qui Nhon,VN,13.7667,109.2333,71.56,86,100,9.48,overcast clouds
544,Sarangani,PH,5.4033,125.4636,81.55,77,100,13.04,overcast clouds
545,Kamenka,RU,51.3223,42.7678,34.21,96,100,17.0,overcast clouds
546,Ponta Delgada,PT,37.7333,-25.6667,63.0,94,75,19.57,broken clouds
547,Tuy Hoa,VN,13.0833,109.3,72.81,87,99,9.69,overcast clouds
548,Tessalit,ML,20.1986,1.0114,64.24,23,0,9.8,clear sky
549,Havoysund,NO,70.9963,24.6622,23.0,80,90,14.97,light snow
550,Kholm,RU,59.2667,32.85,31.98,96,100,7.83,light snow
551,Katastarion,GR,37.8333,20.7667,50.0,53,0,19.57,clear sky
552,Luanda,AO,-8.8368,13.2343,80.6,78,20,4.61,few clouds
553,Nyurba,RU,63.2842,118.3319,-50.13,75,51,2.93,broken clouds
554,Lucapa,AO,-8.4192,20.7447,62.92,85,100,2.24,overcast clouds
555,Paysandu,UY,-32.3214,-58.0756,73.0,94,100,1.99,overcast clouds
556,Lasa,IT,46.6166,10.7002,19.99,52,28,6.69,scattered clouds
557,Shasta Lake,US,40.6804,-122.3708,37.99,92,100,1.99,snow
558,Barkhan,PK,29.8977,69.5256,40.42,51,0,3.67,clear sky
559,Labuhan,ID,-6.8844,112.2051,81.21,78,100,6.67,overcast clouds
560,Naze,JP,28.3667,129.4833,62.6,82,75,10.36,light rain
561,Jiazi,CN,22.8779,116.067,62.98,75,39,16.69,scattered clouds
562,Teplyk,UA,48.6657,29.745,30.87,93,100,10.6,overcast clouds
563,Azul,AR,-36.777,-59.8585,73.09,72,100,6.06,overcast clouds
564,Jinxi,CN,30.4323,116.2922,46.45,79,64,4.65,broken clouds
565,Aloleng,PH,16.1307,119.7824,81.59,73,6,8.01,clear sky
566,Izhma,RU,65.0083,53.9113,-4.14,91,100,6.69,light snow
567,Sobolevo,RU,54.4299,31.8996,30.54,98,100,20.62,snow
568,Douglas,US,41.3,-96.167,16.0,85,1,9.22,clear sky
569,Kloulklubed,PW,7.0419,134.2556,82.13,72,100,15.19,overcast clouds
570,Batemans Bay,AU,-35.7167,150.1833,64.99,73,89,5.99,overcast clouds
571,Formosa,AR,-26.1775,-58.1781,75.2,100,90,5.82,light rain
572,Migori,KE,-1.0634,34.4731,61.34,85,2,4.61,clear sky
573,Barinas,VE,8.6226,-70.2075,77.61,59,0,2.15,clear sky
574,Saint-Pierre,RE,-21.3393,55.4781,75.2,57,0,6.91,clear sky
575,Jishou,CN,28.3167,109.7167,42.49,80,100,3.91,overcast clouds
576,Biak,ID,-0.9131,122.8766,82.92,62,46,4.79,scattered clouds
577,Tupik,RU,54.4253,119.9327,-18.71,84,100,7.83,overcast clouds
578,Nago,JP,26.5881,127.9761,68.0,68,75,18.41,broken clouds
579,Gravdal,NO,68.1214,13.5031,31.71,90,0,9.08,clear sky
580,Mindelo,CV,16.8901,-24.9804,69.8,83,20,13.8,few clouds
581,Orichi,RU,58.4036,49.0572,20.98,97,100,7.94,light snow
582,Camacha,PT,33.0833,-16.3333,62.6,82,40,14.97,scattered clouds
583,Port-Cartier,CA,50.0334,-66.8654,30.2,80,87,2.3,overcast clouds
584,Hualmay,PE,-11.0964,-77.6139,71.82,76,100,11.59,overcast clouds
585,Rockland,US,41.1668,-74.0496,32.0,92,99,1.77,light snow
586,Leningradskiy,RU,69.3833,178.4167,-20.11,86,95,6.89,overcast clouds
587,Cumana,VE,10.4635,-64.1775,76.37,82,12,14.9,few clouds
588,Saint-Louis,SN,16.3333,-15.0,73.4,23,0,2.3,clear sky
589,Seoul,KR,37.5683,126.9778,33.8,59,0,2.3,clear sky
590,Minsk,BY,53.9,27.5667,30.2,93,90,17.9,snow
591,Pocola,US,35.2312,-94.478,41.0,70,1,3.44,clear sky
592,Mogadishu,SO,2.0371,45.3438,75.52,86,46,16.4,scattered clouds
593,Surat Thani,TH,9.1667,99.25,79.0,100,20,3.44,mist
594,Dauriya,RU,49.9333,116.8667,-15.54,87,91,9.42,overcast clouds
595,Listvyagi,RU,53.6772,86.951,7.54,95,100,8.59,light snow
596,Skjervoy,NO,70.0311,20.9714,23.5,90,13,22.17,few clouds
597,Aktau,KZ,43.65,51.2,32.49,83,0,17.43,clear sky
598,Shache,CN,38.4167,77.2406,17.82,91,0,1.43,clear sky
599,Nizhniy Baskunchak,RU,48.2198,46.8311,28.8,95,100,11.34,overcast clouds
600,Grand Gaube,MU,-20.0064,57.6608,73.99,79,41,3.0,scattered clouds
601,Palu,ID,-0.8917,119.8707,83.62,60,100,0.94,overcast clouds
602,Coquimbo,CL,-29.9533,-71.3436,62.6,82,90,6.91,overcast clouds
603,Pimenteiras,BR,-6.2453,-41.4192,74.8,74,90,2.26,overcast clouds
604,Pestovo,RU,58.5938,35.8024,29.08,98,100,9.06,overcast clouds
605,Rio Grande,BR,-32.035,-52.0986,75.99,95,100,9.24,light rain
606,Gizo,SB,-8.103,156.8419,85.3,73,100,13.49,overcast clouds
607,Winchester,GB,51.0651,-1.3187,48.99,100,90,3.44,mist
608,Acajutiba,BR,-11.6622,-38.0172,69.94,95,74,4.92,broken clouds
609,Kincardine,GB,56.0667,-3.7167,37.99,100,90,2.3,light intensity drizzle
610,Ambon,ID,-3.6954,128.1814,86.0,66,40,9.22,scattered clouds
611,Maningrida,AU,-12.0667,134.2667,85.86,71,96,9.33,overcast clouds
612,Richards Bay,ZA,-28.783,32.0377,76.37,91,100,7.34,overcast clouds
613,Marathon,US,44.9,-89.7668,15.8,67,1,6.91,clear sky
614,Khalkhal,IR,37.6189,48.5258,22.21,76,1,3.49,clear sky
615,Adre,TD,13.4667,22.2,64.2,23,0,9.24,clear sky
616,Sorland,NO,67.667,12.6934,36.32,80,100,14.2,overcast clouds
617,Elliot Lake,CA,46.3834,-82.6331,21.2,63,90,13.8,overcast clouds
618,Port Lincoln,AU,-34.7333,135.8667,66.24,67,45,15.39,scattered clouds
619,Buenavista,PH,8.9769,125.4089,80.46,75,100,5.06,overcast clouds
620,Haines Junction,CA,60.7522,-137.5108,-7.6,84,0,2.3,clear sky
621,Innerleithen,GB,55.6193,-3.063,36.0,10,100,6.69,snow
622,Extrema,BR,-22.8547,-46.3183,73.4,73,40,3.44,scattered clouds
623,Goundam,ML,16.4145,-3.6708,66.47,18,0,8.39,clear sky
624,Grand-Lahou,CI,5.1367,-5.0242,78.42,87,10,8.08,clear sky
625,Yeppoon,AU,-23.1333,150.7333,87.8,51,20,8.05,few clouds
626,La Ronge,CA,55.1001,-105.2842,-20.2,76,0,2.3,clear sky
627,Manta,EC,-0.95,-80.7333,76.96,81,100,9.01,overcast clouds
628,Palmer,US,42.1584,-72.3287,28.0,93,100,4.43,light snow
629,Wewak,PG,-3.5534,143.6268,83.86,73,100,2.26,light rain
630,Yokadouma,CM,3.5167,15.05,70.07,75,51,1.59,broken clouds
631,Uglegorsk,RU,49.0833,142.0333,14.07,89,100,9.24,light snow
632,Santa Rosalia,MX,27.3167,-112.2833,56.73,53,0,4.03,clear sky
633,Epureni,RO,46.7062,28.0403,32.0,74,0,6.91,clear sky
634,Verkhnyaya Inta,RU,65.9811,60.3094,-22.49,84,100,10.98,overcast clouds
635,Osmena,PH,10.5208,119.9258,80.37,79,5,15.93,clear sky
636,Aquiraz,BR,-3.9014,-38.3911,80.6,83,40,5.75,scattered clouds
637,Sri Aman,MY,1.2376,111.4621,73.4,100,40,2.21,scattered clouds
638,Bayshore Gardens,US,27.4253,-82.5904,70.0,88,1,7.52,clear sky
639,Fort Saint James,CA,54.4333,-124.25,18.61,96,100,3.62,light snow
640,Bocaiuva,BR,-17.1078,-43.815,68.49,73,13,5.61,few clouds
641,Raudeberg,NO,61.9875,5.1352,28.99,93,34,9.22,scattered clouds
642,Swan Hill,AU,-35.3378,143.5544,72.9,32,0,11.18,clear sky
643,Bemidji,US,47.4736,-94.8803,-2.99,77,1,3.44,clear sky
644,Antofagasta,CL,-23.65,-70.4,68.0,73,75,11.5,broken clouds
645,Llanes,ES,43.4198,-4.7549,55.99,98,88,1.01,overcast clouds
646,Jackson,US,42.4165,-122.8345,39.99,56,90,12.66,light rain
647,Asau,RO,46.4333,26.4,30.99,54,100,7.54,overcast clouds
648,Cacu,BR,-18.5567,-51.1308,74.26,75,77,4.68,broken clouds
649,Kawalu,ID,-7.3817,108.2082,78.98,75,100,1.48,overcast clouds
650,Zalantun,CN,48.0,122.7167,-3.26,82,6,6.76,clear sky
651,Itaberai,BR,-16.0203,-49.8103,68.54,90,100,3.13,overcast clouds
652,Seymchan,RU,62.8833,152.4333,-25.94,82,100,3.69,overcast clouds
653,Nizwa,OM,22.9333,57.5333,53.1,72,6,0.69,clear sky
654,La Palma,US,33.8464,-118.0467,54.0,40,1,6.91,clear sky
655,Covington,US,39.0837,-84.5086,39.2,70,90,9.22,overcast clouds
656,Shakawe,BW,-18.3667,21.85,68.54,92,100,3.4,light rain
657,Upington,ZA,-28.4478,21.2561,77.0,69,45,4.61,scattered clouds
658,Cakovec,HR,46.3844,16.4339,30.0,64,78,5.66,broken clouds
659,Blackwater,AU,-23.5833,148.8833,88.92,40,0,8.34,clear sky
660,Siemiatycze,PL,52.4272,22.8623,32.0,92,100,3.0,overcast clouds
661,Mizdah,LY,31.4451,12.9801,44.53,73,8,7.18,clear sky
662,Udobnaya,RU,44.1932,41.5529,38.71,71,90,6.26,overcast clouds
663,Cockburn Town,TC,21.4612,-71.1419,75.83,77,48,18.39,scattered clouds
664,Boyolangu,ID,-8.1181,111.8935,80.17,76,100,1.83,light rain
665,Kenai,US,60.5544,-151.2583,19.99,79,1,3.44,clear sky
666,Merrill,US,45.1805,-89.6835,15.8,73,1,6.91,clear sky
667,Ixtapa,MX,20.7,-105.2,70.0,81,59,4.0,broken clouds
668,Aginskoye,RU,51.1,114.53,-10.16,85,100,14.18,overcast clouds
669,Kyra,RU,49.5776,111.9753,-15.95,79,0,3.78,clear sky
670,Lorengau,PG,-2.0226,147.2712,85.1,71,100,11.77,overcast clouds
671,Saryg-Sep,RU,51.5,95.6,-15.27,86,100,1.63,overcast clouds
672,Porto Santo,PT,33.072,-16.3415,62.6,82,40,14.97,scattered clouds
673,Tay Ninh,VN,11.3,106.1,77.45,68,6,6.15,clear sky
674,Cascais,PT,38.6979,-9.4215,59.0,20,16,4.27,few clouds
675,Yinchuan,CN,38.4681,106.2731,26.87,72,97,5.32,overcast clouds
676,Zacualtipan,MX,20.65,-98.6,58.93,97,21,1.32,few clouds
677,Riberalta,BO,-10.9833,-66.1,75.2,94,100,2.59,heavy intensity rain
678,Pimentel,PE,-6.8367,-79.9342,72.07,77,85,12.77,overcast clouds
679,Maraa,BR,-1.8333,-65.3667,75.29,90,100,1.63,overcast clouds
680,Edson,CA,53.5835,-116.4356,3.2,85,90,8.05,light snow
681,Mahibadhoo,MV,3.7833,72.9667,80.83,72,66,14.16,broken clouds
682,North Bend,US,43.4065,-124.2243,41.0,95,100,5.99,overcast clouds
683,Shimoda,JP,34.6667,138.95,62.6,94,75,25.32,mist
684,Chitungwiza,ZW,-18.0127,31.0756,64.0,89,37,5.01,scattered clouds
685,Tutoia,BR,-2.7619,-42.2744,79.77,85,100,10.04,overcast clouds
686,Ulladulla,AU,-35.35,150.4667,64.4,100,90,16.11,drizzle
687,Reyes,BO,-14.3167,-67.3833,75.6,85,100,3.65,overcast clouds
688,Vershino-Darasunskiy,RU,52.35,115.5167,-12.32,90,100,5.21,overcast clouds
689,Puerto Quijarro,BO,-17.7833,-57.7667,80.62,68,92,3.51,overcast clouds
690,Owando,CG,-0.4819,15.8999,72.55,95,99,3.78,light rain
691,Guiren,CN,33.6697,118.1889,39.47,72,0,6.98,clear sky
692,Almaznyy,RU,48.0448,40.045,37.4,87,20,20.13,few clouds
693,Rocha,UY,-34.4833,-54.3333,73.53,82,100,4.18,overcast clouds
694,Shingu,JP,33.7333,135.9833,55.4,82,75,21.85,broken clouds
695,Segou,ML,13.4317,-6.2157,69.15,19,0,10.47,clear sky
696,Vestmanna,FO,62.1564,-7.1664,33.8,86,75,14.97,broken clouds
697,Port Charlotte,US,26.9762,-82.0906,72.0,88,1,4.61,clear sky
698,Chisindia,RO,46.2833,22.1,27.0,93,0,6.91,clear sky
699,Jumla,NP,29.2747,82.1838,31.77,39,0,4.83,clear sky
700,Dehloran,IR,32.6941,47.2679,54.16,41,85,1.9,overcast clouds
701,Catamarca,AR,-28.4696,-65.7852,81.0,59,98,4.38,overcast clouds
702,Sheridan,US,44.8333,-106.9173,23.0,68,1,5.75,clear sky
